id,username,nickname,tweet_path,tweet
"1498493802100654081","niko20223","ã«ã“ï¼Š5/3æ±4ã‚15a","/niko20223/status/1514773401000640514","Hello my angel pic.twitter.com/aI4v5Q4bPk"
"1487600779926114306","yinadol","yina","/yinadol/status/1514751982166327300","hello . pic.twitter.com/jtegJhNBtw"
"2782936939","Metanoia100","Cat Woman ğŸ™ ğŸ‡ºğŸ‡¦ ğŸ‡¬ğŸ‡§","/Metanoia100/status/1514612536632434712","Hello anyone at home? 
#cats #CatsOfTwitterpic.twitter.com/dR9ALUIG1s"
"931397778101518336","battleguitar","82","/battleguitar/status/1514749871151988737","hello pic.twitter.com/meZRMD2JEb"
"296509052","HelloKitty_Plug","MF DOM ğŸ€","/HelloKitty_Plug/status/1514743265995767811","i love easter
i only give adults baskets 

fuck them kids bro"
"25159518","HelloItsAviana","â™•","/HelloItsAviana/status/1514777244849238033","Time for a TL cleanse courtesy of one of my local mall pigeons who decided it was bath time! #BirdsSeenIn2022 #BirdTwitterpic.twitter.com/p3nV2O8D2L"
"1158857552865693696","fearlesspltnm","fearless (taylorâ€™s version) bot","/fearlesspltnm/status/1514758622512787483","hello mr. perfectly fine, how's your heart after breaking mine?"
"1432234690669318147","Orangechan01","âœ¨ !OÉ¾Î±É³É Ò½-ÆˆÔ‹Î±É³!âœ¨","/Orangechan01/status/1514443849015328770","hello! I wanted to make this drawing of the two sky as a special of 10,000 followers (â—â€¢á´—â€¢â—) pic.twitter.com/kFG2tC21Xf"
"1449981680589099011","taliasvio","thea maysâ€™ pr manager","/taliasvio/status/1514774635526557696","MY FUCKING GIRLS!! HELLO #Legacies pic.twitter.com/LEPfLKUhBg"
"1202558655696031744","PearlMione","mione","/PearlMione/status/1514752091373568000","Hello #DonBelle!

#LeniKiko2022
#LeniKikoAllTheWaypic.twitter.com/ijmXyb7NUw"
"3319333645","liliriot","ğŸ”±","/liliriot/status/1514772473815834635","HELLO???? pic.twitter.com/LSL04Inv0a"
"1065162839134896129","sweettenrr","Andreâ€™ağŸ‘","/sweettenrr/status/1514743289077182464","@Essence hello on the next cover i believe the next family should be Victoria MonÃ©t & Mr. Gaines would be the next best option!"
"1316881542493462529","leemonsailor","Lee ğŸ‹ :)","/leemonsailor/status/1514682402991390729","â€œHello?â€

#ranboofanart #ghostboofanartpic.twitter.com/nN89AkCMRJ"
"1514385925610123279","LukeSlansky","Luke Slansky","/LukeSlansky/status/1514779613620150272","Hello poised pic.twitter.com/mLqs0hMbZ9"
"1359842270212718595","deoors","OrsğŸ’‰","/deoors/status/1514704720295772166","Hello, you carry Barca like a philo!! pic.twitter.com/RHvBOGwgtQ"
"412200772","yencadebaene","yencaaa","/yencadebaene/status/1514743291601985537","Hello you beautiful people, I hope you have an amazing day today and that you're doing well ! Kisses <3"
"705299384301441024","WhyHelloRenato","Renatoâ™“Pas20rMu22ets ğŸ˜‡ğŸ¤“ğŸ˜·ğŸ„ğŸ’™ğŸ’‰ğŸ’‰ğŸ‡³ğŸ‡±","/WhyHelloRenato/status/1514774306051428356","#IAskedTheGenieFor 
Two Dollarspic.twitter.com/0Got242Wsu"
"1473990353359446019","cryp_toplayer","Mortyâ€™s","/cryp_toplayer/status/1514697819873071105","hello fam, how is your day going?"
"1423181531225346048","DonsTotchi","SHARğŸ¥€| ia phase ğŸŒ¸ğŸ’‰","/DonsTotchi/status/1514744069175799820","Hello naman sainyo Donny and Belle! Enjoy luvs 

( photo not mine )

#DonBelle | #DONBELLEmpire
#DonnyPangilinan | #BelleMarianopic.twitter.com/lx38gSKJjY"
"1337602505434406912","satincal","viviana","/satincal/status/1514698439539494914","hello everyone"
"296509052","HelloKitty_Plug","MF DOM ğŸ€","/HelloKitty_Plug/status/1514743265995767811","i love easter
i only give adults baskets 

fuck them kids bro"
"1498493802100654081","niko20223","ã«ã“ï¼Š5/3æ±4ã‚15a","/niko20223/status/1514773401000640514","Hello my angel pic.twitter.com/aI4v5Q4bPk"
"1065162839134896129","sweettenrr","Andreâ€™ağŸ‘","/sweettenrr/status/1514743289077182464","@Essence hello on the next cover i believe the next family should be Victoria MonÃ©t & Mr. Gaines would be the next best option!"
"1487600779926114306","yinadol","yina","/yinadol/status/1514751982166327300","hello . pic.twitter.com/jtegJhNBtw"
"2782936939","Metanoia100","Cat Woman ğŸ™ ğŸ‡ºğŸ‡¦ ğŸ‡¬ğŸ‡§","/Metanoia100/status/1514612536632434712","Hello anyone at home? 
#cats #CatsOfTwitterpic.twitter.com/dR9ALUIG1s"
"931397778101518336","battleguitar","82","/battleguitar/status/1514749871151988737","hello pic.twitter.com/meZRMD2JEb"
"25159518","HelloItsAviana","â™•","/HelloItsAviana/status/1514777244849238033","Time for a TL cleanse courtesy of one of my local mall pigeons who decided it was bath time! #BirdsSeenIn2022 #BirdTwitterpic.twitter.com/p3nV2O8D2L"
"1158857552865693696","fearlesspltnm","fearless (taylorâ€™s version) bot","/fearlesspltnm/status/1514758622512787483","hello mr. perfectly fine, how's your heart after breaking mine?"
"1432234690669318147","Orangechan01","âœ¨ !OÉ¾Î±É³É Ò½-ÆˆÔ‹Î±É³!âœ¨","/Orangechan01/status/1514443849015328770","hello! I wanted to make this drawing of the two sky as a special of 10,000 followers (â—â€¢á´—â€¢â—) pic.twitter.com/kFG2tC21Xf"
"1449981680589099011","taliasvio","thea maysâ€™ pr manager","/taliasvio/status/1514774635526557696","MY FUCKING GIRLS!! HELLO #Legacies pic.twitter.com/LEPfLKUhBg"
"1202558655696031744","PearlMione","mione","/PearlMione/status/1514752091373568000","Hello #DonBelle!

#LeniKiko2022
#LeniKikoAllTheWaypic.twitter.com/ijmXyb7NUw"
"3319333645","liliriot","ğŸ”±","/liliriot/status/1514772473815834635","HELLO???? pic.twitter.com/LSL04Inv0a"
"1316881542493462529","leemonsailor","Lee ğŸ‹ :)","/leemonsailor/status/1514682402991390729","â€œHello?â€

#ranboofanart #ghostboofanartpic.twitter.com/nN89AkCMRJ"
"1514385925610123279","LukeSlansky","Luke Slansky","/LukeSlansky/status/1514779613620150272","Hello poised pic.twitter.com/mLqs0hMbZ9"
"1359842270212718595","deoors","OrsğŸ’‰","/deoors/status/1514704720295772166","Hello, you carry Barca like a philo!! pic.twitter.com/RHvBOGwgtQ"
"412200772","yencadebaene","yencaaa","/yencadebaene/status/1514743291601985537","Hello you beautiful people, I hope you have an amazing day today and that you're doing well ! Kisses <3"
"705299384301441024","WhyHelloRenato","Renatoâ™“Pas20rMu22ets ğŸ˜‡ğŸ¤“ğŸ˜·ğŸ„ğŸ’™ğŸ’‰ğŸ’‰ğŸ‡³ğŸ‡±","/WhyHelloRenato/status/1514774306051428356","#IAskedTheGenieFor 
Two Dollarspic.twitter.com/0Got242Wsu"
"1473990353359446019","cryp_toplayer","Mortyâ€™s","/cryp_toplayer/status/1514697819873071105","hello fam, how is your day going?"
"1423181531225346048","DonsTotchi","SHARğŸ¥€| ia phase ğŸŒ¸ğŸ’‰","/DonsTotchi/status/1514744069175799820","Hello naman sainyo Donny and Belle! Enjoy luvs 

( photo not mine )

#DonBelle | #DONBELLEmpire
#DonnyPangilinan | #BelleMarianopic.twitter.com/lx38gSKJjY"
"1337602505434406912","satincal","viviana","/satincal/status/1514698439539494914","hello everyone"
"1498493802100654081","niko20223","ã«ã“ï¼Š5/3æ±4ã‚15a","/niko20223/status/1514773401000640514","Hello my angel pic.twitter.com/aI4v5Q4bPk"
"1487600779926114306","yinadol","yina","/yinadol/status/1514751982166327300","hello . pic.twitter.com/jtegJhNBtw"
"2782936939","Metanoia100","Cat Woman ğŸ™ ğŸ‡ºğŸ‡¦ ğŸ‡¬ğŸ‡§","/Metanoia100/status/1514612536632434712","Hello anyone at home? 
#cats #CatsOfTwitterpic.twitter.com/dR9ALUIG1s"
"296509052","HelloKitty_Plug","MF DOM ğŸ€","/HelloKitty_Plug/status/1514743265995767811","i love easter
i only give adults baskets 

fuck them kids bro"
"25159518","HelloItsAviana","â™•","/HelloItsAviana/status/1514777244849238033","Time for a TL cleanse courtesy of one of my local mall pigeons who decided it was bath time! #BirdsSeenIn2022 #BirdTwitterpic.twitter.com/p3nV2O8D2L"
"931397778101518336","battleguitar","82","/battleguitar/status/1514749871151988737","hello pic.twitter.com/meZRMD2JEb"
"1065162839134896129","sweettenrr","Andreâ€™ağŸ‘","/sweettenrr/status/1514743289077182464","@Essence hello on the next cover i believe the next family should be Victoria MonÃ©t & Mr. Gaines would be the next best option!"
"1432234690669318147","Orangechan01","âœ¨ !OÉ¾Î±É³É Ò½-ÆˆÔ‹Î±É³!âœ¨","/Orangechan01/status/1514443849015328770","hello! I wanted to make this drawing of the two sky as a special of 10,000 followers (â—â€¢á´—â€¢â—) pic.twitter.com/kFG2tC21Xf"
"1449981680589099011","taliasvio","thea maysâ€™ pr manager","/taliasvio/status/1514774635526557696","MY FUCKING GIRLS!! HELLO #Legacies pic.twitter.com/LEPfLKUhBg"
"1202558655696031744","PearlMione","mione","/PearlMione/status/1514752091373568000","Hello #DonBelle!

#LeniKiko2022
#LeniKikoAllTheWaypic.twitter.com/ijmXyb7NUw"
"1347947466","Berti_and_Ernie","Ernie and Berti","/Berti_and_Ernie/status/1514655299893964807","Hello #mommy! #dogfriendspic.twitter.com/IE56JGzj9N"
"412200772","yencadebaene","yencaaa","/yencadebaene/status/1514743291601985537","Hello you beautiful people, I hope you have an amazing day today and that you're doing well ! Kisses <3"
"1473990353359446019","cryp_toplayer","Mortyâ€™s","/cryp_toplayer/status/1514697819873071105","hello fam, how is your day going?"
"1316881542493462529","leemonsailor","Lee ğŸ‹ :)","/leemonsailor/status/1514682402991390729","â€œHello?â€

#ranboofanart #ghostboofanartpic.twitter.com/nN89AkCMRJ"
"3319333645","liliriot","ğŸ”±","/liliriot/status/1514772473815834635","HELLO???? pic.twitter.com/LSL04Inv0a"
"705299384301441024","WhyHelloRenato","Renatoâ™“Pas20rMu22ets ğŸ˜‡ğŸ¤“ğŸ˜·ğŸ„ğŸ’™ğŸ’‰ğŸ’‰ğŸ‡³ğŸ‡±","/WhyHelloRenato/status/1514774306051428356","#IAskedTheGenieFor 
Two Dollarspic.twitter.com/0Got242Wsu"
"1337602505434406912","satincal","viviana","/satincal/status/1514698439539494914","hello everyone"
"1359842270212718595","deoors","OrsğŸ’‰","/deoors/status/1514704720295772166","Hello, you carry Barca like a philo!! pic.twitter.com/RHvBOGwgtQ"
"972576074914783233","Iisacouture","â€Ù‹","/Iisacouture/status/1514770542481469445","BITCH HELLO?! pic.twitter.com/wsEhRk0Uip"
"1309331498","hello_daisy110","ğ‡ğ¢","/hello_daisy110/status/1514775702247469056","Welcome Leader Ten 

APRIL16 TEN GDC IS COMING
#à¸¥à¸µà¸”à¹€à¸”à¸­à¸£à¹Œà¹€à¸•à¸™à¸¥à¹ŒGDCpic.twitter.com/vKxYP6W8H1"
"1498493802100654081","niko20223","ã«ã“ï¼Š5/3æ±4ã‚15a","/niko20223/status/1514773401000640514","Hello my angel pic.twitter.com/aI4v5Q4bPk"
"1487600779926114306","yinadol","yina","/yinadol/status/1514751982166327300","hello . pic.twitter.com/jtegJhNBtw"
"2782936939","Metanoia100","Cat Woman ğŸ™ ğŸ‡ºğŸ‡¦ ğŸ‡¬ğŸ‡§","/Metanoia100/status/1514612536632434712","Hello anyone at home? 
#cats #CatsOfTwitterpic.twitter.com/dR9ALUIG1s"
"296509052","HelloKitty_Plug","MF DOM ğŸ€","/HelloKitty_Plug/status/1514743265995767811","i love easter
i only give adults baskets 

fuck them kids bro"
"931397778101518336","battleguitar","82","/battleguitar/status/1514749871151988737","hello pic.twitter.com/meZRMD2JEb"
"1158857552865693696","fearlesspltnm","fearless (taylorâ€™s version) bot","/fearlesspltnm/status/1514758622512787483","hello mr. perfectly fine, how's your heart after breaking mine?"
"25159518","HelloItsAviana","â™•","/HelloItsAviana/status/1514777244849238033","Time for a TL cleanse courtesy of one of my local mall pigeons who decided it was bath time! #BirdsSeenIn2022 #BirdTwitterpic.twitter.com/p3nV2O8D2L"
"1432234690669318147","Orangechan01","âœ¨ !OÉ¾Î±É³É Ò½-ÆˆÔ‹Î±É³!âœ¨","/Orangechan01/status/1514443849015328770","hello! I wanted to make this drawing of the two sky as a special of 10,000 followers (â—â€¢á´—â€¢â—) pic.twitter.com/kFG2tC21Xf"
"1065162839134896129","sweettenrr","Andreâ€™ağŸ‘","/sweettenrr/status/1514743289077182464","@Essence hello on the next cover i believe the next family should be Victoria MonÃ©t & Mr. Gaines would be the next best option!"
"1449981680589099011","taliasvio","thea maysâ€™ pr manager","/taliasvio/status/1514774635526557696","MY FUCKING GIRLS!! HELLO #Legacies pic.twitter.com/LEPfLKUhBg"
"1202558655696031744","PearlMione","mione","/PearlMione/status/1514752091373568000","Hello #DonBelle!

#LeniKiko2022
#LeniKikoAllTheWaypic.twitter.com/ijmXyb7NUw"
"705299384301441024","WhyHelloRenato","Renatoâ™“Pas20rMu22ets ğŸ˜‡ğŸ¤“ğŸ˜·ğŸ„ğŸ’™ğŸ’‰ğŸ’‰ğŸ‡³ğŸ‡±","/WhyHelloRenato/status/1514774306051428356","#IAskedTheGenieFor 
Two Dollarspic.twitter.com/0Got242Wsu"
"3319333645","liliriot","ğŸ”±","/liliriot/status/1514772473815834635","HELLO???? pic.twitter.com/LSL04Inv0a"
"1316881542493462529","leemonsailor","Lee ğŸ‹ :)","/leemonsailor/status/1514682402991390729","â€œHello?â€

#ranboofanart #ghostboofanartpic.twitter.com/nN89AkCMRJ"
"1359842270212718595","deoors","OrsğŸ’‰","/deoors/status/1514704720295772166","Hello, you carry Barca like a philo!! pic.twitter.com/RHvBOGwgtQ"
"1514385925610123279","LukeSlansky","Luke Slansky","/LukeSlansky/status/1514779613620150272","Hello poised pic.twitter.com/mLqs0hMbZ9"
"1473990353359446019","cryp_toplayer","Mortyâ€™s","/cryp_toplayer/status/1514697819873071105","hello fam, how is your day going?"
"1309331498","hello_daisy110","ğ‡ğ¢","/hello_daisy110/status/1514775702247469056","Welcome Leader Ten 

APRIL16 TEN GDC IS COMING
#à¸¥à¸µà¸”à¹€à¸”à¸­à¸£à¹Œà¹€à¸•à¸™à¸¥à¹ŒGDCpic.twitter.com/vKxYP6W8H1"
"412200772","yencadebaene","yencaaa","/yencadebaene/status/1514743291601985537","Hello you beautiful people, I hope you have an amazing day today and that you're doing well ! Kisses <3"
"1337602505434406912","satincal","viviana","/satincal/status/1514698439539494914","hello everyone"
"1107947013411213312","happy166801","Batu-es Trash","/happy166801/status/1514780078982721537","Hello! Can i please get the link too? Omg "
"1314031595414724608","koowoocart","laraâ·","/koowoocart/status/1514780070895755269","hello when u say ""kakao ID"" that's ur email right?"
"1460506995786612745","mouisau","Moui â¤ï¸","/mouisau/status/1514780064495284226","blanca's shot from a mile away at a dude in a helicopter???? hello????"
"1512265371176169476","DiamondIcedLIVE","GlacÃ©","/DiamondIcedLIVE/status/1514780062121308169","hello friends"
"1453036590167584768","kipperbeee","âœ§ kiley !! | nightmare era","/kipperbeee/status/1514780059734724614","HELLO JENNY"
"991029304644591618","HasMayFinished","Still May","/HasMayFinished/status/1514780055712395281","Hello World! It is April 15th 2022, 1:38:02 am. May has finished but May hasn't resigned."
"45828211","Ratrichibi","Ratri Chibi","/Ratrichibi/status/1514780055234236426","Hello, Friday! 
Selamat long weekend bagi yang merayakan, dan selamat beribadah buat teman2 Kristiani 
Hope you all have a Good Friday! "
"545587045","hello__kaitty","k","/hello__kaitty/status/1514780055095848966","ok cutest thing ever "
"1486361576332742658","d0llydeathw1sh","sÃ©sÃ© â˜†","/d0llydeathw1sh/status/1514780053334536192","hello friend"
"21486053","rainmc","ğŸ’œğŸ–¤ğŸ¤â™ ï¸ THEE Rain - â€œHello, I must be goingâ€","/rainmc/status/1514780051190865920","Itâ€™s really why people put pronouns in their bio.  Not sure why you think itâ€™s more than that."
"3403380341","theGraboline","x - Graboline","/theGraboline/status/1514780050373050375","Hello"
"1513647564259840003","alextin39312826","alex tina","/alextin39312826/status/1514780049815195661","hello dear message me let meet up"
"1491444842005778433","ravishingsel","...","/ravishingsel/status/1514780047600619521","ì°ì–´ì£¼ì‹  ì‚¬ì§„ì´ ë„ˆë¬´ ì˜ˆë»ì„œ ì¸ìŠ¤íƒ€ íŒ”ë¡œìš°í•˜ê³  ìˆëŠ”ë° ì •ë§ ì˜ˆì˜ë„¤ìš” "
"890759092301688832","vyngefulspirit","ğŸ¦‡Vyn StrangeğŸ¦‡","/vyngefulspirit/status/1514780044970799114","Hello Dallas. Nice to be in you again"
"930139987370283008","PorkFamilyNFTs","Santiago","/PorkFamilyNFTs/status/1514780043360161795","Hello good community! 
I inform you that new unique pigs have arrived to the family! 
Little by little the family expands!!! If you want to take a look, click here:  https://opensea.io/collection/sashagalleryÂ â€¦
#nft #nftcollector #digitalart #nftart #nftartist #nftcommunity #nftartgallerypic.twitter.com/hjIrRKrq1S"
"1491221921920212997","hello_youyou56","ä¼˜ä¼˜å•ŠYoYo","/hello_youyou56/status/1514780041518845956","æˆ‘ä¹Ÿæƒ³çœ‹"
"1277782664854908928","yellowducky327","YADOM2 :)ğŸ’›ğŸ£ğŸ¥","/yellowducky327/status/1514780041271705600","Lisa Lisa lalisa manoban  LI SA  LISA <3 !!!!!!!!!! l i s a lisa lisa. LISA .  Lisa lisaaaa  lisa!!!! Lisa Manoban  hello LISAAAA i love you"
"1503219420902178818","honeyshivve","honey f: kuni ğŸŒ™","/honeyshivve/status/1514742341994745863","hello or wtvr :/"
"296509052","HelloKitty_Plug","MF DOM ğŸ€","/HelloKitty_Plug/status/1514743265995767811","i love easter
i only give adults baskets 

fuck them kids bro"
"1378024400704794628","BotsGreetings","Greetings!","/BotsGreetings/status/1514701705656823811","Hello Jakobe!"
"1315501540283764736","Raya32705630","Raya","/Raya32705630/status/1514742741569359876","Ğ¡Ó™Ğ»ĞµĞ¼ -Hello DEARS DIMASH  DIMASH ARNAU CONCERT THE BEST VOICE PLANET  DIMASH MUSIC  @dimash_official #DimashKazakhVoice #FlyAway #BeWithMe #DimashQudaibergenpic.twitter.com/OShLgLyQXn"
"965622644237373441","abpayato","â€Ù‹","/abpayato/status/1514714559189331971","hello lady guuji."
"1065162839134896129","sweettenrr","Andreâ€™ağŸ‘","/sweettenrr/status/1514743289077182464","@Essence hello on the next cover i believe the next family should be Victoria MonÃ©t & Mr. Gaines would be the next best option!"
"1359965550009454592","sortaishnavajo","sortaishnavajo","/sortaishnavajo/status/1514742797919653889","shimÃ¡sÃ¡nÃ­ haitâ€™Ã©ego hello Ã¡jÃ­niih?"
"412200772","yencadebaene","yencaaa","/yencadebaene/status/1514743291601985537","Hello you beautiful people, I hope you have an amazing day today and that you're doing well ! Kisses <3"
"1216766313672081408","Ka286048230","||hello||","/Ka286048230/status/1514747279063887878","leÅ¾Ã­ vedle tebe, spÃ­ a ty potichu breÄÃ­Å¡ vedle nÄ›j"
"1487805728073166854","cthulhuldr","â˜½ mÃ¡ni","/cthulhuldr/status/1514751910930178049","hello my name is mÃ¡ni "
"1216766313672081408","Ka286048230","||hello||","/Ka286048230/status/1514738615800242177","jakmile si spolu lehneme tak uÅ¾ ty slzy ale neudrÅ¾Ã­m"
"1216766313672081408","Ka286048230","||hello||","/Ka286048230/status/1514730639639121930","""straÅ¡nÄ› na mÄ› tlaÄÃ­Å¡ abychom se poÅ™Ã¡d vidÄ›li""
no tak jÃ¡ na tebe uÅ¾ seru"
"1216766313672081408","Ka286048230","||hello||","/Ka286048230/status/1514736689603915778","jÃ¡: ""kdyÅ¾ jÃ¡ uÅ¾ bych Å¡la spÃ¡t""
on: ""tak si jdi lehnout a dej si tÅ™eba sluchÃ¡tka""
hej ale tak ty jsi mÅ¯j kluk?"
"1429039206395826184","BABU___420","HERO #TMG","/BABU___420/status/1514758876981350406","Hello nehu ji "
"290550010","heloisabdantas","hello, it's me","/heloisabdantas/status/1514765119292690432","laroye exu, exu Ã© mojuba"
"1498493802100654081","niko20223","ã«ã“ï¼Š5/3æ±4ã‚15a","/niko20223/status/1514773401000640514","Hello my angel pic.twitter.com/aI4v5Q4bPk"
"1487600779926114306","yinadol","yina","/yinadol/status/1514751982166327300","hello . pic.twitter.com/jtegJhNBtw"
"2782936939","Metanoia100","Cat Woman ğŸ™ ğŸ‡ºğŸ‡¦ ğŸ‡¬ğŸ‡§","/Metanoia100/status/1514612536632434712","Hello anyone at home? 
#cats #CatsOfTwitterpic.twitter.com/dR9ALUIG1s"
"25159518","HelloItsAviana","â™•","/HelloItsAviana/status/1514777244849238033","Time for a TL cleanse courtesy of one of my local mall pigeons who decided it was bath time! #BirdsSeenIn2022 #BirdTwitterpic.twitter.com/p3nV2O8D2L"
"931397778101518336","battleguitar","82","/battleguitar/status/1514749871151988737","hello pic.twitter.com/meZRMD2JEb"
"1514385925610123279","LukeSlansky","Luke Slansky","/LukeSlansky/status/1514779613620150272","Hello poisedpic.twitter.com/mLqs0hMbZ9"
"1514385925610123279","LukeSlansky","Luke Slansky","/LukeSlansky/status/1514387729332719618","I canâ€™t play dead by daylight the servers are down can you fix it please"
"25159518","HelloItsAviana","â™•","/HelloItsAviana/status/1514777244849238033","Time for a TL cleanse courtesy of one of my local mall pigeons who decided it was bath time! #BirdsSeenIn2022 #BirdTwitter pic.twitter.com/p3nV2O8D2L"
"1100879326357139457","TodaysBaldEagle","Today's Bald Eagle","/TodaysBaldEagle/status/1514761932418428928","(Photo courtesy of @DominicWeskamp)
#wildlifephotography #nature #bloodpressurebreak #birdtwitter pic.twitter.com/XgAg7RkSuk"
"1957508546","dmaluk1","Deb Maluk ğŸ‡¨ğŸ‡¦ğŸ‡ºğŸ‡¦ğŸ•Š","/dmaluk1/status/1514778267433136128","American Robin...grateful the storm has ended...looking forward to warmer temps and sunny days #BirdTwitter pic.twitter.com/TLmBzl0WeB"
"1957508546","dmaluk1","Deb Maluk ğŸ‡¨ğŸ‡¦ğŸ‡ºğŸ‡¦ğŸ•Š","/dmaluk1/status/1514776661744500743","RIP little Junco...this Sharp-shinned Hawk has been showing up here in April for the past couple of years...thought he must be back as there was a lot of commotion at the feeders for the past couple of days #BirdTwitter pic.twitter.com/ug1ie6fpsV"
"1422419185058025474","r_toneguzzo","R.M.TONEGUZZO","/r_toneguzzo/status/1514610083128242183","The tiny, shy and vibrant Azure Kingfisher.
Northern Territory, Australia.
 #TwitterNatureCommunity #BirdTwitter #bird #Twitter #birdwatching #wildlifephotography #kingfisher #ThePhotoHour #wildlife #BirdsSeenIn2022 pic.twitter.com/5Lzc0p4oO3"
"18630567","tikulli","tikuli","/tikulli/status/1514652399792582656","The #RosyStarlings are here n I'm missing this big mulberry tree that was their abode. I loved their all day animated chit chats and feasting & painted them too. Perhaps I'll pay a visit this year. #DelhiBirds #BirdTwitter pic.twitter.com/lR0B9RNyx4"
"3079851807","Above96th","Above_96th","/Above96th/status/1514604382939017222","A juvenile Black-crowned Night Heron striking quite the pose this morning in Central Park's Harlem Meer. I've seen seven adults and this youngster on Duck Island--has to be an all-time record! #birdcpp #BirdTwitter pic.twitter.com/QBI5atSoqQ"
"1260300789911871489","DaveCoo79355786","Dave Cook","/DaveCoo79355786/status/1513642113673707523","Eastern Meadowlark. Western New York grasslands. April 9th 2022 #BirdTwitter #TwitterNatureCommunitypic.twitter.com/M8jhhDdD1O"
"1079802566572236800","DonnaRiddell10","Donna Riddell","/DonnaRiddell10/status/1514559781398269953","Raven on the coast giving us a talking too! #raven #birdphotography #birdwatching #BirdTwitter pic.twitter.com/HkW0Ps5ETs"
"1079802566572236800","DonnaRiddell10","Donna Riddell","/DonnaRiddell10/status/1514560997599727623","Raven from today my favourite bird off all time! #raven #birdphotography #birdwatching #BirdTwitter pic.twitter.com/Ou0TkolMuD"
"1266133995462332418","krispenhartung","Krispen Hartung Photography","/krispenhartung/status/1514575264554004485","Mountain Bluebird #birds #bird #birdphotography #birdtwitter #birding #wildlife #birdlovers #birdwatchingpic.twitter.com/Bx6eKHqi5L"
"1074423603268079618","m_crouton","CroutonğŸŒ»","/m_crouton/status/1514396503795712004","Missing two toenails #birding #birdwatching #BirdTwitter pic.twitter.com/W4MMYdtn7E"
"2987717450","Blank_spaces84","Majestically Awkward ğŸ±","/Blank_spaces84/status/1514777985630420996","#BirdTwitter every year we have eggs broken on our sidewalk. Who keeps nesting on our roof/in our gutters? pic.twitter.com/nEz4pMprp6"
"1079802566572236800","DonnaRiddell10","Donna Riddell","/DonnaRiddell10/status/1512799347192348674","A distant Glossy Ibis from this morning #birdwatching #birdphotography #BirdTwitter pic.twitter.com/sY7TJHHVZE"
"1957508546","dmaluk1","Deb Maluk ğŸ‡¨ğŸ‡¦ğŸ‡ºğŸ‡¦ğŸ•Š","/dmaluk1/status/1514324443484635140","Blizzard battle...feisty Redpolls in the snow...I think I deleted the first tweet somehow which is OK as I tried to add alt text last time and it didn't stick...let's see if this one works #BirdTwitter #mbstormpic.twitter.com/ujG6o05hAW"
"3079851807","Above96th","Above_96th","/Above96th/status/1512748125651353601","omg, now for the greatest birding video ever made! Of course it was made by a bird! #BirdTwitter pic.twitter.com/xygoXExs2e"
"1418682477132976128","paulrfoth","Paul Foth","/paulrfoth/status/1514634333247754240","What does one Sandhill Crane say to another? 

Correct answers only.

#Birding #BirdTwitter pic.twitter.com/JKndMls4vE"
"986618055156490240","todaysbird","Today's Bird","/todaysbird/status/1514749097315606531","Tree swallow.
(Photo by Glenn P. Knoblock)
#wildlifephotography #nature #bloodpressurebreak #birdtwitter pic.twitter.com/YKx310CtrN"
"2868109363","carolpopegordon","Carol Gordon","/carolpopegordon/status/1514585535758708748","Back from viewing the Nebraska lek.  Here is a male Greater Prairie Chicken in full dance mode trying to impress the ladies.  #Nebraska #spring #birdphotography #BirdTwitter #NaturePhotography #TwitterNatureCommunitypic.twitter.com/76I6nfdCzH"
"3079851807","Above96th","Above_96th","/Above96th/status/1514246204074467336","Have I mentioned I LOVE Northern Flickers? Captured this stunning female Flicker this morning in Central Park near the Great Hill. You can just glimpse her yellow-shafted feathers. #birdcpp #BirdTwitter pic.twitter.com/VwQd7Yd8De"
"1269848405188268032","ViktoriaGabor38","VikiÂ®ï¸","/ViktoriaGabor38/status/1514487104654483458","â•² \ â•­ â”“
â•­ â•¯Hello everyone 
   #VikiStern pic.twitter.com/egXfvTEozL"
"2782936939","Metanoia100","Cat Woman ğŸ™ ğŸ‡ºğŸ‡¦ ğŸ‡¬ğŸ‡§","/Metanoia100/status/1514612536632434712","Hello anyone at home? 
#cats #CatsOfTwitter pic.twitter.com/dR9ALUIG1s"
"1375035955845816326","Hello_DAL_21","í•˜ ë ¨ ë‹¬","/Hello_DAL_21/status/1514746319491186690","ì „ì—­ 10ì¼ ë‚¨ì€ ì‚¬ëŒì´ ëˆ„êµ¬ë¼êµ¬ìš”?pic.twitter.com/5d4ogy18DO"
"1501649584481013765","Helloearth0","Hello Earth","/Helloearth0/status/1514708314567098369","ëŒ€ì¶©ë´ë„ ì € ã……ã…‚ã……ã„² í•˜ëŠ” ëˆˆë¹›ì¸ë°
ì´ë˜ì„œ 2ë²ˆë‚¨ì€ ëˆ„ê°€ ì¡°ê¸ˆë§Œ ì˜í•´ì¤˜ë„ ê³ ë°±í•˜ê³  ë‹ˆê°€ ë¨¼ì € ê¼¬ì…¨ë‹¤ë©° ë²”ì£„ ì €ì§€ë¥´ëŠ” êµ¬ë‚˜â€¦https://twitter.com/innovator041/status/1513424384060702723Â â€¦"
"1468387350640472065","hello_withjh","ì•ˆë…•","/hello_withjh/status/1514742578339536900","ì´ê³ .. ì„¤ë ˆë¼ê³  í•œ ë§ ë§ëŠ”ì§€.. ì„¤ë ˆë„ ë˜ëŠ” ê±´ì§€.. ì •ìƒì¸ê±´ì§€..pic.twitter.com/BwlRI723xX"
"776824958638919680","hello__aru","ë‚ ë†”ì¤˜ì´ì•„ë£¨ğŸ¥•","/hello__aru/status/1514772787889508356","ê¸ˆìš”ì¼ì•„ì¹¨ì´ìŠ¹í›ˆìœ¼ë¡œì‹œì‘ pic.twitter.com/WkQyrfbM3q"
"1468387350640472065","hello_withjh","ì•ˆë…•","/hello_withjh/status/1514740709269536768","ì›ƒìŒì†Œë¦¬ ë“£ê¸° ì¢‹ì•„ìš”..
ì¸í„°ë·°ê¹Œì§€ ì„¤ë ˜ ê½‰ê½‰ ì±„ì›Œì£¼ì…¨ë„¤ìš” pic.twitter.com/KBWvG7B1XG"
"1511702646021062667","Hello_7865","ğŸ”¥ğŸ¥š","/Hello_7865/status/1514760163047391232","ì•¼ ì´ìƒˆë¼ë“¤ì•„ ì–´ë””ì„œ ìŒˆë°•ì§ˆì´ì•¼ 

ë‹¤ë¡± ì´ˆë¡± ìƒˆë¼ë“¤ pic.twitter.com/CsfJxK4DZV"
"776824958638919680","hello__aru","ë‚ ë†”ì¤˜ì´ì•„ë£¨ğŸ¥•","/hello__aru/status/1514771234705207296","ì´ìŠ¹í›ˆì´ ë‚´ìƒˆë¼ ê·€ì—¬ì›Œ í•˜ëŠ” ë°©ë²• pic.twitter.com/IqQYizjaau"
"1407879324783443969","hello_pptnz","ë„¤ê°€ ë­” ìƒê´€ì¸ë°!!","/hello_pptnz/status/1514750342051020804","ì¶œê·¼ì€ í•´ì•¼ì§€.... pic.twitter.com/Bm1UHAJ7Ga"
"931740287096930304","Hello_im_rine","ë¦°ì—","/Hello_im_rine/status/1514745185695313923","ì„œìš¸ë¡œ ê°„ë‹¤pic.twitter.com/lf6Q1cgH3x"
"4841533034","hi_hello_fine","íŒ¦ğŸ—","/hi_hello_fine/status/1514779948870893571","19ì¼ 10ì‹œ ëª¨ë˜ì‹œê³„ í‹°ì¼“íŒ…....
ì € ë‹¤ë¥¸ í‹°íŒ… ì•ˆí•´ìš” ë„ì™€ì£¼ì‹œë©´ ì€í˜œë¥¼ ê°šê² ë‚˜ì´ë‹¤ã… ã… ã… ã… "
"1347947466","Berti_and_Ernie","Ernie and Berti","/Berti_and_Ernie/status/1514655299893964807","Hello #mommy! #dogfriends pic.twitter.com/IE56JGzj9N"
"2917937000","helloDrblue","ğŸ˜·blue~ğŸ§˜ğŸ»â€â™€ï¸","/helloDrblue/status/1514777875961966603","ê°€ì¡±ë“¤ë„ ìƒí™©ì´ ì´ë ‡ê²Œê¹Œì§€ ì‹¬ê°í•œê±´ ëª°ëì„ë“¯"
"1513524376703930371","Hello_B16","Hello B","/Hello_B16/status/1514770306828709895","í•´í”¼í•œ ì¼ë“¤ì´ ë§ì´ ìƒê¸°ëŠ” HAPPIER TOWN ì„ ì•„ì‹œë‚˜ìš”? 

ì•„ì§ ëª¨ë¥´ì‹ ë‹¤ê³ ìš”? 
 
ì˜¤ë¡¤ë¦¬ë°ì´ì—ì„œ ì•¼ì‹¬ì°¨ê²Œ ì¤€ë¹„í•œ ì²« NFTí”„ë¡œì íŠ¸!! 
í–‰ë³µì— ì§„ì‹¬ì¸ ìš°ë¦¬ ëª»ë‚œì´ë“¤ ë§Œë‚˜ëŸ¬ì˜¤ì„¸ìš”

ë””ìŠ¤ì½”ë“œ: https://discord.gg/2chzeW42Â 
#NFT #HAPPIERTOWN pic.twitter.com/bD6iVSY2XT"
"1507687930286206981","hi_or_hello22","Vv ì•™ë‡½ (*à«‚â›á´—â›*à«‚)vV","/hi_or_hello22/status/1514749550707511296","ìŠ¤ë°ê¶Œ ì—†ë‹¤ê³  ì°¡ì°¡ëŒ€ì§€ ë§ê³  ë°©ë²•ì„ ì°¾ìœ¼ì„¸ìš” ë°©ë²•ì„!!!https://twitter.com/hoshi_7739/status/1514747052043149316Â â€¦"
"1378990457171009538","hello_ggs","Gorgeous","/hello_ggs/status/1514776052819968004","ë¨¸ë¦¬ì¹´ë½ ë³´ê³  ì•„ì´ë‹˜ ì¥ì¸ì •ì‹ ì— ê¸°ì ˆhttps://twitter.com/u__eye/status/1514627272732741636Â â€¦"
"1507687930286206981","hi_or_hello22","Vv ì•™ë‡½ (*à«‚â›á´—â›*à«‚)vV","/hi_or_hello22/status/1514753041530261504","ë°˜ëª¨ í•˜ëŠ” ì‚¬ëŒ í˜¹ì‹œ í”ì  ë‚¨ê²¨ì¤„ ìˆ˜ ìˆì–´ìš”? 
ë°˜ëª¨ í•˜ê³ ì‹¶ì€ ë¶„ë„ ë©˜ì…˜ì¥¬ì„¸ì˜ "
"931740287096930304","Hello_im_rine","ë¦°ì—","/Hello_im_rine/status/1514775934666407937"," ë‚´ ëª¸ê°’
â”€â”€â”€â”€â”€â”€â”€â”€â”€â”€â”€â”€â”€â”€â”€â”€â”€â”€

7000ë§Œì› ê°€ì ¸ì˜¤ë˜

ë¦°ì—ë‹˜ì˜ ëª¸ê°’ì€ 73782827ì› ì…ë‹ˆë‹¤.
https://gaeyou.com/t/?2616Â "
"1319920171205603330","Momu4940","ëª¨ë®¤ğŸŒ¸ğŸ¡","/Momu4940/status/1514690140945354765","Paranoia : ì´ê±° ì™œì´ë˜ìš”...?
ì •ì²´ë¶ˆëª… ì†œì‚¬íƒ•...? : hello!!!!
í‚¤ë¥´ì…° : (ì´ë§ˆ íƒ) pic.twitter.com/mtIgS9S3Gt"
"25159518","HelloItsAviana","â™•","/HelloItsAviana/status/1514777244849238033","Time for a TL cleanse courtesy of one of my local mall pigeons who decided it was bath time! #BirdsSeenIn2022 #BirdTwitterpic.twitter.com/p3nV2O8D2L"
"705480643006898177","2wsphotography","Will Wilson","/2wsphotography/status/1514502867591303178","A Spotted Eagle Owl, photographed on safari in @PilanesbergNP in South Africa. #BirdsSeenIn2022 #birding #TwitterNatureCommunitypic.twitter.com/gGSSbsCDJo"
"1235361997115412480","sp_harris1","Samantha Harris","/sp_harris1/status/1514772183695822849","Synchronicity...yet, there is always one flying to a different beat.  Black-necked stilts in flight over Lynx Lake in #Prescott #BirdsSeenin2022 #birdphotography #birds #naturephotographypic.twitter.com/LPn2Qt81s9"
"1093849997102206976","Vogels6","Genieten van Vogels en Natuur (YouTube H vd B)","/Vogels6/status/1514544240319242243","#BirdsSeenin2022
#ROSSE_STEKELSTAARTEN

Gezien op 09-02-2022 in De Nieuwe Driemanspolder in Zoetermeer.

@vogelnieuws @waarneming @sovon @volgdenatuur @VroegeVogels
#oxyurajamaicensis #ruddyduck #rossestekelstaart pic.twitter.com/q4tWggzaa6"
"1240365269953978370","SergioCuellarR","Sergio AndrÃ©s CuÃ©llar RamÃ­rez","/SergioCuellarR/status/1514612755000553490","Diamante coronado.
[Heliodoxa leadbeateri] Violet-fronted Brilliant
#birdsofcolombia
#BirdsSeenIn2022 pic.twitter.com/3HQoo2GgtJ"
"807095565028917248","linjianyangbe","lin hillside","/linjianyangbe/status/1514627037700366336","Slender-billed Scimitar Babbler, in SW China's #Yunnan province. 
by æ‚¦é¸Ÿé¸£å¨´

#China #é‡é³¥ #birdwatching
#BirdsSeenIn2022 #nature
#TwitterNatureCommunity
#birds #photography @avibasepic.twitter.com/9ncDHrJiW4"
"1371419858336944130","EspressoBird","Espresso Bird","/EspressoBird/status/1514700988296437767","Northern flicker extracting breakfast from a fallen tree in the Central Park Loch this morning.

Sometimes these birds just get focused on a log and donâ€™t care whatâ€™s going on around them. It barely knew I was there.

#birdcpp #BirdsSeenIn2022 #northernflicker #birdphotographypic.twitter.com/xIkzsHJw0x"
"917587402985693184","sydcannings1","Syd Cannings","/sydcannings1/status/1514764473214545943","I was creeping up on a Bald Eagle to take its picture, but didn't see its mate in the tree right beside me until the last minute! It won the staring contest... #Whitehorse #Yukon #BirdsSeenIn2022 pic.twitter.com/x5w5OPmE0c"
"1097145788608770048","FrostyVeldskoen","dave B ğŸ‡ªğŸ‡¸","/FrostyVeldskoen/status/1514483596936970245","What do you do when rising water washes your nest away, build another of course. Coot rushing to rebuild at #ElHondo. #TwitterNatureCommunity #birding #aves #birdwatching #NotAlone #BirdsSeenIn2022 pic.twitter.com/RIWczcH5mt"
"2171835204","crahane09","Chinmay Rahane","/crahane09/status/1514086925203697664","A Brown-headed Gull for #IndiAves #BreedingPlumage #birdphotography #BirdsSeenIn2022 #birdwatching #birds #canonphotography #Canon @indiavespic.twitter.com/LaTe008Hx6"
"25220299","GraceSimms","Grace Simms","/GraceSimms/status/1514759123715469316","Great Blue Heron (Hendersonville, TN) #birds #birding #Canon #canonphotography #birdphotography #Heron #Herons #ThePhotoHour #birdwatching #NaturePhotography #heronsoftwitter #TwitterNatureCommunity #BirdsSeenIn2022 pic.twitter.com/2rKUqoRrsA"
"4288869151","DrTonyGillie","Tony Gillie ğŸ’™","/DrTonyGillie/status/1514565449878495233","Really pleased with this photo of a Treecreeper (Certhia familiaris) from the Lye Valley a few days ago. It practically landed next to me, and spent a minute or so foraging less than two metres from the ground before moving on... 
#BirdsSeenIn2022 #NaturePhotography #OX3 pic.twitter.com/BJ7tfj848m"
"807095565028917248","linjianyangbe","lin hillside","/linjianyangbe/status/1514550782871306240","Golden Pheasant in flight
by é¾™äº”

#China #é‡é³¥ #birdwatching
#BirdsSeenIn2022 #nature
#TwitterNatureCommunity
#birds #photography @avibasepic.twitter.com/cfV0MAHhIv"
"807095565028917248","linjianyangbe","lin hillside","/linjianyangbe/status/1514690201502765059","Black-faced Warblers are playing and splashing.
by æ¯ä¸­é…’

#China #é‡é³¥ #birdwatching
#BirdsSeenIn2022 #nature
#TwitterNatureCommunity
#birds #photography @avibasepic.twitter.com/N1SZX25wQu"
"1315897109246246912","ChirpySunbird","Chirpy Sunbird","/ChirpySunbird/status/1514532109750177796","Long-tailed Shrike at Khlong Yai Reservoir in Rayong Province, Thailand.

@Avibase #birding #birdwatching #TwitterNatureCommunity #birdphotography #NaturePhotography #BirdsSeenIn2022 pic.twitter.com/2sikSSnKJm"
"1486928164781756418","Rex_mutikwa","Rex Mutikwa","/Rex_mutikwa/status/1512356825429168139","Northern Carmine Bee-eater
#birds #birdwatching #BirdsSeenIn2022 pic.twitter.com/rgbQ3zwrCQ"
"137128466","sykesjeff","Northwest Wildlife Photography","/sykesjeff/status/1514708382313324548","Credit Jeremiah Gadsby of juv Great Horned Owls and Great blue herons 
@CanonUKandIE #birds
#wildlifephotography #nature #birds #NotAlone #BBCWildlifePOTD @BBCSpringwatch @ThePhotoHour @wildlifemag @Natures_Voice @Britnatureguide @Team4Nature @NatureUK #BirdsSeenIn2022 #Wildlifpic.twitter.com/Sz0NZzhSto"
"1452780715502972930","dusty_haskins","Dusty Haskins","/dusty_haskins/status/1512600673006899200","You've evaded me long enough! I got you tonight you son of a barred owl!
#photo #BirdsSeenIn2022 #photooftheday #photo #wildlifepic.twitter.com/rwok7eQwax"
"1362460111323725826","InnsRobert","Robert Inns","/InnsRobert/status/1514715175257051137","Welcome back â€œColinâ€ what a fabulous start to the long weekend this evening. @SurreyBirdNews #BirdsSeenIn2022 #birds #birdphotographypic.twitter.com/4xNcFmKlsR"
"103007226","jasbirsrandhawa","Jasbir S. Randhawa","/jasbirsrandhawa/status/1514566785420300291","Red-tailed Wheatear aka Persian Wheatear (Oenanthe chrysopygia)
Mohali (09.03.2022)

#BirdsSeenIn2022 @Britnatureguide #IndiAves @IndiAves #ThePhotoHour #BBCWildlifePOTD @Avibase @cbcchandigarh #EarthCapture @BBCEarth #WildlifePhotography #TwitterNatureCommunity #Birding #Nikon pic.twitter.com/ybKUlBUQMq"
"1202558655696031744","PearlMione","mione","/PearlMione/status/1514752214707077123","https://www.facebook.com/1465786987/posts/10227776219178705/Â â€¦"
"1276988011192950785","dolIabiIIs","j","/dolIabiIIs/status/1514774401266245637","ELLE KOREA MAY ISSUE IS BBHMM LISA SHE DID IT FOR ME!!!!!!!!pic.twitter.com/oLJUPX0Gk1"
"3319333645","liliriot","ğŸ”±","/liliriot/status/1514776409276764170","absolutelypic.twitter.com/j8JNbJQrhf"
"3319333645","liliriot","ğŸ”±","/liliriot/status/1514774111674798098","these two are ITpic.twitter.com/YQ0cUsay9m"
"3319333645","liliriot","ğŸ”±","/liliriot/status/1514773147253293064","this oneâ€™s cute toopic.twitter.com/LZTYMhDP9j"
"3319333645","liliriot","ğŸ”±","/liliriot/status/1514772676312645637","HEY YOUpic.twitter.com/L2b9rlmIcz"
"3319333645","liliriot","ğŸ”±","/liliriot/status/1514772473815834635","HELLO????pic.twitter.com/LSL04Inv0a"
"1378395353989398537","lalisahourIy","hourly lisa","/lalisahourIy/status/1514769782649733125","LALISA OH MY GOD???????pic.twitter.com/7rO3oQ1YKk"
"3319333645","liliriot","ğŸ”±","/liliriot/status/1514772245494730752","LISAAAAAAAAAAAAAAApic.twitter.com/yhatcwn110"
"3319333645","liliriot","ğŸ”±","/liliriot/status/1514772187646869514","OH MY FUCKING GODpic.twitter.com/m8B903M7yJ"
"3319333645","liliriot","ğŸ”±","/liliriot/status/1514741783581933568","AHIHIhttps://twitter.com/chartdata/status/1514735248268951569Â â€¦"
"744260935527735296","chartdata","chart data","/chartdata/status/1514735248268951569","LISA of @BLACKPINK has now sold over 1 million single units in the US as a soloist."
"3319333645","liliriot","ğŸ”±","/liliriot/status/1514649521824878597","ella y yapic.twitter.com/Zg533PVXcd"
"3319333645","liliriot","ğŸ”±","/liliriot/status/1514649296821436426","bub pic.twitter.com/gbsZoWpuI5"
"3319333645","liliriot","ğŸ”±","/liliriot/status/1514620269759021056","oh yes oh yeshttps://twitter.com/neonrated/status/1514539381565976578Â â€¦"
"33072776","DBenitez95","Diana Benitez ğŸ„ğŸŒ","/DBenitez95/status/1514450673441525762","Barbara Lopez is just so talented. Sheâ€™s so good at making me cry."
"3319333645","liliriot","ğŸ”±","/liliriot/status/1514388073441865728","estoy asÃ­  de ir a buscar a bÃ¡rbara"
"3319333645","liliriot","ğŸ”±","/liliriot/status/1514387296950362120","en cuerna? https://twitter.com/blpupdates/status/1514380617235972097Â â€¦"
"780460754910732288","DiscussingFilm","DiscussingFilm","/DiscussingFilm/status/1514358487198928899","Scrat finally gets the acorn as a farewell to Blue Sky Studios.

â€œIn the final days of Blue Sky Studios, a small team of artists came together to do one final shot. This shot is a farewell, a send-off on our own terms.â€pic.twitter.com/Z9QmNEX4x1"
"2585740993","lalisarchive","lisa pics","/lalisarchive/status/1354682920850612225","PRETTY SAVAGE pic.twitter.com/ngoUFJ03EH"
"816372348345577472","HijosdeAztlan","Hijos de AztlÃ¡n","/HijosdeAztlan/status/1514212044387536910","El lado oscuro de los concursos de belleza #SeÃ±orita89 @StarzPlayhttp://loshijosdeaztlan.com/2022/04/13/senorita-89-una-serie-que-relata-bien-como-es-nuestro-mexico/Â â€¦"
"1511354603312398354","Marcum09","Aaron Marcum","/Marcum09/status/1514697876055945216","Hanging in thereâ€¦ you?"
"1254756511575932929","TimileyinGbada1","Timileyin Gbadamosi","/TimileyinGbada1/status/1514697894082789391","Bad"
"1453296729491746817","ArchesNFT","TochiğŸ¯âŒ â›µï¸","/ArchesNFT/status/1514697915528355840","Blessed fam "
"51484228","lgmm1","L.G.M.M ğŸ‡»ğŸ‡ªğŸ‡ºğŸ‡¦","/lgmm1/status/1514697916685950978","Hi , so so"
"1080433425612460032","roman_konyk","Roman Konyk","/roman_konyk/status/1514697921463300097",""
"1421124891261116420","kalyanua24","ukrcryptonftğŸ‡ºğŸ‡¦","/kalyanua24/status/1514697930925563906","Enjoying the weather, you?"
"1409055108097249280","Frtclk21","ByKato","/Frtclk21/status/1514697942464180231","Ä°yi saol sizin nasÄ±l geÃ§iyor ben TÃ¼rkiye'den selamlar ailem"
"364886180","dimes78","Mr dimes","/dimes78/status/1514697950571732999",""
"1506959790303551495","Emybenz007","Emybenz","/Emybenz007/status/1514697953990041608","Fine"
"1508049976303448069","Sammy233526551","Sammy","/Sammy233526551/status/1514697959530967040","it's good"
"1473990353359446019","cryp_toplayer","Mortyâ€™s","/cryp_toplayer/status/1514725662342500355"," #GIVEWAY WITH CRAZYKARTS SOCIETY 
 5 WL TO WIN + 0.5 SOL 



To Enter:
 Follow @crazykartssoc
 Join CrazyKartsSocsâ€™s Telegram channel https://t.me/+tcrVoUtSYDsyZDJkÂ â€¦
 Like, RT and send proof under this post. 

END IN 24 hours 

gl fam pic.twitter.com/12RouLARlw"
"1473990353359446019","cryp_toplayer","Mortyâ€™s","/cryp_toplayer/status/1514773200709713925","Gn fam "
"1473990353359446019","cryp_toplayer","Mortyâ€™s","/cryp_toplayer/status/1514744570436853772","The more I see you, the more chances you have to win "
"1473990353359446019","cryp_toplayer","Mortyâ€™s","/cryp_toplayer/status/1514739860338212882","Congratulations: @rosier_qml 

Check your dm https://twitter.com/cryp_toplayer/status/1514565103370264576Â â€¦"
"1473990353359446019","cryp_toplayer","Mortyâ€™s","/cryp_toplayer/status/1514739076204843012","50$ to someone that retweets my pinned giveaway. 

Only for 1 of the first 200 "
"1473990353359446019","cryp_toplayer","Mortyâ€™s","/cryp_toplayer/status/1514738795698085893","canâ€™t wait to tell my grandkids that I was alive during the great #NFT adoption period."
"1473990353359446019","cryp_toplayer","Mortyâ€™s","/cryp_toplayer/status/1514737680894107658","grateful for good weed and good NFTâ€™s"
"1473990353359446019","cryp_toplayer","Mortyâ€™s","/cryp_toplayer/status/1514726263931514886","Check my pinned fam "
"1473990353359446019","cryp_toplayer","Mortyâ€™s","/cryp_toplayer/status/1514725533552099330","Get ready for my next giveaway fam "
"1473990353359446019","cryp_toplayer","Mortyâ€™s","/cryp_toplayer/status/1514699455869734922","$800 in  #ETH 

To win:

Like, Retweet & Follow Me 

Show me you have notifications  
                      30h "
"1473990353359446019","cryp_toplayer","Mortyâ€™s","/cryp_toplayer/status/1514697819873071105","hello fam, how is your day going?"
"1473990353359446019","cryp_toplayer","Mortyâ€™s","/cryp_toplayer/status/1514693869228761089","Who wants another giveaway? "
"1473990353359446019","cryp_toplayer","Mortyâ€™s","/cryp_toplayer/status/1514693750618038277","Congratulations @daddynft22 

Check your dm https://twitter.com/cryp_toplayer/status/1514317962689323022Â â€¦"
"1473990353359446019","cryp_toplayer","Mortyâ€™s","/cryp_toplayer/status/1514656352248999949","letâ€™s make some magic internet money today. "
"1473990353359446019","cryp_toplayer","Mortyâ€™s","/cryp_toplayer/status/1514656135722291200","Winner: @cashamcawin11 
Check your dm https://twitter.com/cryp_toplayer/status/1514645392843063298Â â€¦"
"1473990353359446019","cryp_toplayer","Mortyâ€™s","/cryp_toplayer/status/1514645392843063298","20$ | 20 min 
   

Retweet, Like & Follow 

Must have notifications turned on! "
"1473990353359446019","cryp_toplayer","Mortyâ€™s","/cryp_toplayer/status/1514643698054799365","Big dreamers always win."
"1473990353359446019","cryp_toplayer","Mortyâ€™s","/cryp_toplayer/status/1514643138480160770","Money isn`t everyting, 

But everyting needs money."
"1473990353359446019","cryp_toplayer","Mortyâ€™s","/cryp_toplayer/status/1514640756748820486","Acquire blue chip #NFTs until the metaverse further develops and becomes mainstream and you will be set for life"
"1473990353359446019","cryp_toplayer","Mortyâ€™s","/cryp_toplayer/status/1514639302491357186","whoÂ´s there??"
"1267013435159728128","CrowleyPond","â€¢Crowâ€¢ NEW ART PINNED ğŸ“Œ","/CrowleyPond/status/1513871116535746569","yo!! whereâ€™s my streamer??? #ranboofanart #ranboopic.twitter.com/vUPmLi5V3K"
"1021815957029900290","Shroombies","mel!","/Shroombies/status/1513857244924112899","Actually unbelievably friend-shaped 

[ #ranboofanart (?) ] pic.twitter.com/hPk3uTeyMC"
"1350813118318981122","_L1_B1_","Diderik L1B1","/_L1_B1_/status/1514272848562606085","Itâ€™s my birthday today! :D
So in celebration I decided to draw #RockstarRanboo since itâ€™s been ages since I last drew him
#ranboofanart #fanart pic.twitter.com/MW7yIR6Uws"
"1243052918166523904","nyellysium","n y e l l ğŸ¥ Ranboo art","/nyellysium/status/1513145203196313602","My streamer is a cockatoo #ranboofanart #ranbooartpic.twitter.com/zJQIAvt5iH"
"1470692708758876161","hazel0SZ21O","Hazel","/hazel0SZ21O/status/1514263880553623552","always be an accomplice
#dreamsmpfanart #ranboofanart pic.twitter.com/S8RpuLkVDt"
"1028343904884719616","PinkInInk2","âœ¨ Pink In Ink âœ¨","/PinkInInk2/status/1514242052611100674","Haunted

#ranboofanart #fanart #dsmpfanartpic.twitter.com/fU5rRxL5B9"
"407596640","afimeatur","Afi","/afimeatur/status/1513945711167275009","My reviveboo design aka school delinquent character anime looking ass

#ranboofanart pic.twitter.com/l7OsZwB0G3"
"793573287838310404","bacontale","BT","/bacontale/status/1513303439933116420","Stylized vs. Realistic design of Ranboo
The limitations of art
#ranboofanart pic.twitter.com/jcfROb1MfS"
"1374805645644472332","kyoriiu","nath!! ğŸ’¥","/kyoriiu/status/1513250888491671554","this wine does not look like wine
#wilbursootfanart #ranboofanart pic.twitter.com/zWIYLirHPt"
"1317617870851932160","cinnamonlin_","lin","/cinnamonlin_/status/1514029399422685187","all the pictures from sneegs wedding were so cute i had to :) #dsmpfanart #ranboofanart #wilbursootfanartpic.twitter.com/pqwx3dxXdk"
"1303513246469681152","elohour","NIOğŸ’¬|| youâ€™re loved!","/elohour/status/1512620204127408133","ZOOM
-
[ #wilbursootfanart #ranboofanart ] pic.twitter.com/MlfF3kL7PW"
"773564606136614912","xMaruu11","ğŸ³ï¸â€ğŸŒˆ Ã‘OQUI","/xMaruu11/status/1514720342173958149","RANBOO IN DIFFERENT SHOWS !!!

#RanbooFanart @Ranboosaysstuffpic.twitter.com/utLoJri8tP"
"1138828942633099265","Keillogz","ranKEI!!!!! || art pinned!!!","/Keillogz/status/1513765215971987460","See no evil

#ranboofanart #generationlossfanartpic.twitter.com/HLOzc0NmwJ"
"1339025311770546176","mihnnt","mihâ˜ï¸","/mihnnt/status/1514561527470342148","ranboo  
[rts appreciated + plz untag]
#ranboofanart pic.twitter.com/jp13KgtsSz"
"1324729224087953408","zekkogoggles","ğŸŒ»AshğŸŒ»","/zekkogoggles/status/1514656778327310345","Pink Parrot(s) 
#ranboofanart #sneegsnagfanartpic.twitter.com/s6EBF8WkdJ"
"1107637516084146176","spicyybiscuit","cheese minecraft! âœ° ğŸ’™ğŸ’› artist support!!","/spicyybiscuit/status/1514301841701588996","
-
More revivedboo! 
#ranboofanart pic.twitter.com/1kEojBEU01"
"1070495821559488519","losingallchill","samuel !! aimsey bet ğŸ“ŒğŸ“Œ","/losingallchill/status/1514770044261068816","ranboo slept on the plane !!

wilbur did not .

#wilbursootfanart #ranboofanart #wilburfanart #wilbur #wilbursoot #ranboo #ranbooartpic.twitter.com/9v8PnrVKU9"
"1222283069849325568","b4ssil","bassil :3","/b4ssil/status/1514650772595687434","Aimsey and Ranboo :D
#aimseyfanart #ranboofanart pic.twitter.com/MqXghz1Ib6"
"880882832440258560","sniegasuns","suns","/sniegasuns/status/1513424327886229513","The one who sees ghosts
[dsmp]

#dsmpfanart #aimseyfanart #ranboofanart pic.twitter.com/VqNvajHbyq"
"935247852841844736","Winnie62123994","ğŸŒºWinnieğŸŒ¿ CLOSED COMMS","/Winnie62123994/status/1513352701886742533","He's ready for marriage in style!! 
(with his bean friend)

[ #ranboofanart ] pic.twitter.com/nRAvqtfkHY"
"1071234424426115076","hello_my_bra","Ğ’Ğ¾Ğ´Ğ¸Ğ¼ğŸ’§ğŸš°","/hello_my_bra/status/1514704585029472262","ĞĞ°Ğ¾Ğ°Ğ¾Ğ°Ğ¾Ğ°"
"1498493802100654081","niko20223","ã«ã“ï¼Š5/3æ±4ã‚15a","/niko20223/status/1514773401000640514","Hello my angel pic.twitter.com/aI4v5Q4bPk"
"1487600779926114306","yinadol","yina","/yinadol/status/1514751982166327300","hello . pic.twitter.com/jtegJhNBtw"
"2782936939","Metanoia100","Cat Woman ğŸ™ ğŸ‡ºğŸ‡¦ ğŸ‡¬ğŸ‡§","/Metanoia100/status/1514612536632434712","Hello anyone at home? 
#cats #CatsOfTwitterpic.twitter.com/dR9ALUIG1s"
"931397778101518336","battleguitar","82","/battleguitar/status/1514749871151988737","hello pic.twitter.com/meZRMD2JEb"
"25159518","HelloItsAviana","â™•","/HelloItsAviana/status/1514777244849238033","Time for a TL cleanse courtesy of one of my local mall pigeons who decided it was bath time! #BirdsSeenIn2022 #BirdTwitterpic.twitter.com/p3nV2O8D2L"
"1432234690669318147","Orangechan01","âœ¨ !OÉ¾Î±É³É Ò½-ÆˆÔ‹Î±É³!âœ¨","/Orangechan01/status/1514443849015328770","hello! I wanted to make this drawing of the two sky as a special of 10,000 followers (â—â€¢á´—â€¢â—) pic.twitter.com/kFG2tC21Xf"
"296509052","HelloKitty_Plug","MF DOM ğŸ€","/HelloKitty_Plug/status/1514743265995767811","i love easter
i only give adults baskets 

fuck them kids bro"
"1449981680589099011","taliasvio","thea maysâ€™ pr manager","/taliasvio/status/1514774635526557696","MY FUCKING GIRLS!! HELLO #Legacies pic.twitter.com/LEPfLKUhBg"
"1202558655696031744","PearlMione","mione","/PearlMione/status/1514752091373568000","Hello #DonBelle!

#LeniKiko2022
#LeniKikoAllTheWaypic.twitter.com/ijmXyb7NUw"
"1065162839134896129","sweettenrr","Andreâ€™ağŸ‘","/sweettenrr/status/1514743289077182464","@Essence hello on the next cover i believe the next family should be Victoria MonÃ©t & Mr. Gaines would be the next best option!"
"3319333645","liliriot","ğŸ”±","/liliriot/status/1514772473815834635","HELLO???? pic.twitter.com/LSL04Inv0a"
"1316881542493462529","leemonsailor","Lee ğŸ‹ :)","/leemonsailor/status/1514682402991390729","â€œHello?â€

#ranboofanart #ghostboofanartpic.twitter.com/nN89AkCMRJ"
"705299384301441024","WhyHelloRenato","Renatoâ™“Pas20rMu22ets ğŸ˜‡ğŸ¤“ğŸ˜·ğŸ„ğŸ’™ğŸ’‰ğŸ’‰ğŸ‡³ğŸ‡±","/WhyHelloRenato/status/1514774306051428356","#IAskedTheGenieFor 
Two Dollarspic.twitter.com/0Got242Wsu"
"1347947466","Berti_and_Ernie","Ernie and Berti","/Berti_and_Ernie/status/1514655299893964807","Hello #mommy! #dogfriendspic.twitter.com/IE56JGzj9N"
"1473990353359446019","cryp_toplayer","Mortyâ€™s","/cryp_toplayer/status/1514697819873071105","hello fam, how is your day going?"
"1359842270212718595","deoors","OrsğŸ’‰","/deoors/status/1514704720295772166","Hello, you carry Barca like a philo!! pic.twitter.com/RHvBOGwgtQ"
"412200772","yencadebaene","yencaaa","/yencadebaene/status/1514743291601985537","Hello you beautiful people, I hope you have an amazing day today and that you're doing well ! Kisses <3"
"1423181531225346048","DonsTotchi","SHARğŸ¥€| ia phase ğŸŒ¸ğŸ’‰","/DonsTotchi/status/1514744069175799820","Hello naman sainyo Donny and Belle! Enjoy luvs 

( photo not mine )

#DonBelle | #DONBELLEmpire
#DonnyPangilinan | #BelleMarianopic.twitter.com/lx38gSKJjY"
"1337602505434406912","satincal","viviana","/satincal/status/1514698439539494914","hello everyone"
"3821163430","ClintK64","Clint Kritzer","/ClintK64/status/1514780127141367817","#IAskedTheGenieFor a better barrel. In hindsight maybe I should have asked for cash instead. pic.twitter.com/zJYIbrDmEt"
"757025354129080321","telliabear","Tell Ya ğŸŒ¸","/telliabear/status/1514774508720177163","#IAskedTheGenieFor a large pot of homemade soup pic.twitter.com/HyOT55eWVr"
"705299384301441024","WhyHelloRenato","Renatoâ™“Pas20rMu22ets ğŸ˜‡ğŸ¤“ğŸ˜·ğŸ„ğŸ’™ğŸ’‰ğŸ’‰ğŸ‡³ğŸ‡±","/WhyHelloRenato/status/1514774306051428356","#IAskedTheGenieFor 
Two Dollars pic.twitter.com/0Got242Wsu"
"973977429063561216","ChampneyLisa","Lisa Champney","/ChampneyLisa/status/1514772628594049033","#IAskedTheGenieFor
A bed of my own!! pic.twitter.com/32u81uyj6N"
"2743154541","elizabethk1985","Elizabeth K","/elizabethk1985/status/1514770866176880649","#IAskedTheGenieFor a cool bottle pic.twitter.com/FzckdpUr4n"
"757025354129080321","telliabear","Tell Ya ğŸŒ¸","/telliabear/status/1514775042650902537","#IAskedTheGenieFor a pretty gown pic.twitter.com/02MlkICCz1"
"467705283","StephanRBarnard","Stephan B.","/StephanRBarnard/status/1514773946830262276","A hot & spicy weekend #IAskedTheGenieFor pic.twitter.com/ivINo70x9Y"
"631360495","DanielAshley13","I'm Just Dan","/DanielAshley13/status/1514774231904505861","#IAskedTheGenieFor More Pop-Tarts.  These are almost gone. pic.twitter.com/wF6QEo8sml"
"1213657610378825729","stilljustAmy83","nAmyste 6ft away from yâ€™all ğŸ˜·âš¡ï¸ğŸ’âš¾ï¸","/stilljustAmy83/status/1514777179543932941","#IAskedTheGenieFor an owl.
I got a cat that looks like an owl from behind.
Heâ€™s a meowlâ€¦
Close enough.  pic.twitter.com/4mNMeTDqLw"
"27760844","silentmoviegirl","âœ¨ğŸ’« Alicia ğŸ’« âœ¨","/silentmoviegirl/status/1514771402531823618","#IAskedTheGenieFor to lower gas prices for the whole world pic.twitter.com/rwbleh4Won"
"739126348984258561","Bemyfriend67","Linda","/Bemyfriend67/status/1514776845467545600","#IAskedTheGenieFor what the first star refused! pic.twitter.com/UIFvSNqOPk"
"1195639381668712448","te_teiji","TeN","/te_teiji/status/1514771710658052101","#IAskedTheGenieFor
the meaning of SchrÃ¶dinger's cat, but I couldn't understand the answer. pic.twitter.com/esCaTxjtVu"
"1492464656190955522","SugarZombie10","Sugar SkyğŸ–¤âš°ï¸ğŸ–¤ğŸ—¡ï¸ğŸ–¤â˜ ï¸","/SugarZombie10/status/1514773948545740813","#IAskedTheGenieFor my soulmate and he granted my wish, with one small catch... pic.twitter.com/Ooj7beK7ZF"
"260772625","jaguarjin","Jaguarjin","/jaguarjin/status/1514776967345696772","#IAskedTheGenieFor an explanation: According to lore, the Jinn are elemental spirits of fire and wind, and can transform into animal or human of any size, but why do they not have a key to their own lamp? pic.twitter.com/FLoukUdo9q"
"467705283","StephanRBarnard","Stephan B.","/StephanRBarnard/status/1514771701891944452","A cat that was always stoned  #IAskedTheGenieFor pic.twitter.com/SzUS01DHDu"
"27760844","silentmoviegirl","âœ¨ğŸ’« Alicia ğŸ’« âœ¨","/silentmoviegirl/status/1514773790198099986","#IAskedTheGenieFor new furbabies pic.twitter.com/9H0NpSypJh"
"112330082","trudytalk","ğŸ–ï¸ Trudy B itchin' to get away","/trudytalk/status/1514771312907984900","#IAskedTheGenieFor something to remove my wrinkles and he sent this. pic.twitter.com/zJVZ4CsCEz"
"631360495","DanielAshley13","I'm Just Dan","/DanielAshley13/status/1514771917613387783","#IAskedTheGenieFor Reese's and Starbucks.  Don't tell my dentist! pic.twitter.com/fNBq02CN40"
"831582537269010432","JZMNOB","JimmyN","/JZMNOB/status/1514771425910874116","#IAskedTheGenieFor
True love pic.twitter.com/duNsuZmqVt"
"1190969806910046208","RoyalCityRauco1","@RoyalCityRaucous","/RoyalCityRauco1/status/1514773098872008709","#IAskedTheGenieFor more weed of course  pic.twitter.com/qtvsx0NmXT"
"296509052","HelloKitty_Plug","MF DOM ğŸ€","/HelloKitty_Plug/status/1514743265995767811","i love easter
i only give adults baskets 

fuck them kids bro"
"1498493802100654081","niko20223","ã«ã“ï¼Š5/3æ±4ã‚15a","/niko20223/status/1514773401000640514","Hello my angel pic.twitter.com/aI4v5Q4bPk"
"1487600779926114306","yinadol","yina","/yinadol/status/1514751982166327300","hello . pic.twitter.com/jtegJhNBtw"
"2782936939","Metanoia100","Cat Woman ğŸ™ ğŸ‡ºğŸ‡¦ ğŸ‡¬ğŸ‡§","/Metanoia100/status/1514612536632434712","Hello anyone at home? 
#cats #CatsOfTwitterpic.twitter.com/dR9ALUIG1s"
"931397778101518336","battleguitar","82","/battleguitar/status/1514749871151988737","hello pic.twitter.com/meZRMD2JEb"
"25159518","HelloItsAviana","â™•","/HelloItsAviana/status/1514777244849238033","Time for a TL cleanse courtesy of one of my local mall pigeons who decided it was bath time! #BirdsSeenIn2022 #BirdTwitterpic.twitter.com/p3nV2O8D2L"
"1432234690669318147","Orangechan01","âœ¨ !OÉ¾Î±É³É Ò½-ÆˆÔ‹Î±É³!âœ¨","/Orangechan01/status/1514443849015328770","hello! I wanted to make this drawing of the two sky as a special of 10,000 followers (â—â€¢á´—â€¢â—) pic.twitter.com/kFG2tC21Xf"
"1449981680589099011","taliasvio","thea maysâ€™ pr manager","/taliasvio/status/1514774635526557696","MY FUCKING GIRLS!! HELLO #Legacies pic.twitter.com/LEPfLKUhBg"
"1202558655696031744","PearlMione","mione","/PearlMione/status/1514752091373568000","Hello #DonBelle!

#LeniKiko2022
#LeniKikoAllTheWaypic.twitter.com/ijmXyb7NUw"
"3319333645","liliriot","ğŸ”±","/liliriot/status/1514772473815834635","HELLO???? pic.twitter.com/LSL04Inv0a"
"1065162839134896129","sweettenrr","Andreâ€™ağŸ‘","/sweettenrr/status/1514743289077182464","@Essence hello on the next cover i believe the next family should be Victoria MonÃ©t & Mr. Gaines would be the next best option!"
"412200772","yencadebaene","yencaaa","/yencadebaene/status/1514743291601985537","Hello you beautiful people, I hope you have an amazing day today and that you're doing well ! Kisses <3"
"1316881542493462529","leemonsailor","Lee ğŸ‹ :)","/leemonsailor/status/1514682402991390729","â€œHello?â€

#ranboofanart #ghostboofanartpic.twitter.com/nN89AkCMRJ"
"705299384301441024","WhyHelloRenato","Renatoâ™“Pas20rMu22ets ğŸ˜‡ğŸ¤“ğŸ˜·ğŸ„ğŸ’™ğŸ’‰ğŸ’‰ğŸ‡³ğŸ‡±","/WhyHelloRenato/status/1514774306051428356","#IAskedTheGenieFor 
Two Dollarspic.twitter.com/0Got242Wsu"
"1347947466","Berti_and_Ernie","Ernie and Berti","/Berti_and_Ernie/status/1514655299893964807","Hello #mommy! #dogfriendspic.twitter.com/IE56JGzj9N"
"1473990353359446019","cryp_toplayer","Mortyâ€™s","/cryp_toplayer/status/1514697819873071105","hello fam, how is your day going?"
"1359842270212718595","deoors","OrsğŸ’‰","/deoors/status/1514704720295772166","Hello, you carry Barca like a philo!! pic.twitter.com/RHvBOGwgtQ"
"1423181531225346048","DonsTotchi","SHARğŸ¥€| ia phase ğŸŒ¸ğŸ’‰","/DonsTotchi/status/1514744069175799820","Hello naman sainyo Donny and Belle! Enjoy luvs 

( photo not mine )

#DonBelle | #DONBELLEmpire
#DonnyPangilinan | #BelleMarianopic.twitter.com/lx38gSKJjY"
"1337602505434406912","satincal","viviana","/satincal/status/1514698439539494914","hello everyone"
"972576074914783233","Iisacouture","â€Ù‹","/Iisacouture/status/1514770542481469445","BITCH HELLO?! pic.twitter.com/wsEhRk0Uip"
"1219949873144844288","Marika_Hello","ã¾ã‚Šã‹ğŸ‡ºğŸ‡¸","/Marika_Hello/status/1514711746203717674","å—ã‚«ãƒªãƒ•ã‚©ãƒ«ãƒ‹ã‚¢ã¯ä»Šæ—¥ã‚‚æœ€é«˜pic.twitter.com/wtp6dkVYZg"
"927950758758068224","arte_chan","ã‚ã‚‹ã¦","/arte_chan/status/1514722201408540673","ã€å‹•ç”»ã€‘ã€SynthesizerVã€‘Hello,Again ï½æ˜”ã‹ã‚‰ã‚ã‚‹å ´æ‰€ï½ã€ç´è‘‰coverã€‘ https://www.nicovideo.jp/watch/sm40319136?nicorepotwitter_upload_videoÂ â€¦ ã‚’æŠ•ç¨¿ã—ã¾ã—ãŸã€‚ #sm40319136"
"2785922652","making_hello","ã¾ãã½ã‚“","/making_hello/status/1514744099710021638","ãªãœã‹å¥³å„ªã•ã‚“ã‚ˆã‚Šã‚»ã‚¯ã‚·ãƒ¼ã«ãªã£ã¦ã—ã¾ã†Akira

å±±ä¸‹æ™ºä¹…ã€ç¬ æ¾å°†ã®ç¾å¥³ã¨2ã‚·ãƒ§ãƒƒãƒˆã‚‚ï¼ã€ŒTOKYO VICEã€ã‚­ãƒ£ãƒ©ã‚¯ã‚¿ãƒ¼ãƒ“ã‚¸ãƒ¥ã‚¢ãƒ«14ç¨® https://www.cinematoday.jp/gallery/E0020154Â â€¦ @cinematodayã‚ˆã‚Š"
"767157686450270208","ohell_hello","ã¸ã‚‹ãŠR@GSX-R1000","/ohell_hello/status/1514761029716127745","çã—ãæ–°å¹¹ç·špic.twitter.com/IL9qE6LCCV"
"965141768135106560","HelloAhimsa_25","æ¾æœ¬ããƒ¼ã‚†ãƒ¼@The Rolls","/HelloAhimsa_25/status/1514707861552599061","æ˜¨æ—¥ã¯æ”¹ã‚ã¦æœ€é«˜ã®ãƒ¬ã‚³ç™ºã§ã—ãŸï¼ï¼
Tableã•ã‚“ã€GOOD DREAMã•ã‚“ãŒæœ€é«˜éããŸï¼ï¼
åœ§å€’ã•ã‚Œã¡ã¾ã£ãŸãªã€ã§ã‚‚ãƒ­ãƒƒã‚¯ãƒ³ãƒ­ãƒ¼ãƒ«é­‚ã¯ä¼ãˆãŸãœï¼ï¼
ã¿ã‚“ãªå¤§å¥½ãéãã¦ã¿ã‚“ãªã¨ä¸€æ™©éã”ã—ãŸã‹ã£ãŸãªã€œ
æ˜¨æ—¥ã¯æœ¬å½“ã«ã‚ã‚ŠãŒã¨ã†ã€å¤§å¥½ãâ™ª

#TheRolls
#æ±é«˜å††å¯ºäºŒä¸‡é›»åœ§
#ãƒ­ãƒƒã‚¯ãƒ³ãƒ­ãƒ¼ãƒ«
#Table
#GOODDREAMpic.twitter.com/Un7xZFncrD"
"932088180303470592","s_masaki_hello","ã¡ã‚ƒã‚","/s_masaki_hello/status/1514777403553619971","ã¾ãƒ¼ã¡ã‚ƒã‚“ã«ã‚„ã‚‹1åˆ†å‰ã¯ä»Šã®æœ¬å‘½ã«å‘ã‹ã£ã¦ã‚„ã£ãŸpic.twitter.com/U3oZGFFUKa"
"1611011454","hello_no_gazo","botä½œæˆä¸­","/hello_no_gazo/status/1514778904023924741","æ¨ã—ãƒ¡ãƒ³ã ã£ãŸã‚‰RT
æ¨ã—ãƒ¡ãƒ³ã˜ã‚ƒãªãã¦ã‚‚RTpic.twitter.com/BfkPKA7bQ0"
"1504314406355673088","hello_akachang","è¦ªãƒã‚«ã§ã™ãŒãªã«ã‹/0y3m","/hello_akachang/status/1514753492212412417","å®Ÿå®¶ã§ãµã¨ã€ŒãŠæ¯ã•ã‚“ã‚‚ãŸã¾ã«ã¯èª°ã‹ãŒä½œã£ãŸã”ã¯ã‚“é£Ÿã¹ãŸã„ã‚ˆã­ã€ã¨æ€ã£ã¦ã€æ˜¨æ™©ã®ã”ã¯ã‚“ã¯ç§ãŒä½œã£ãŸã€‚

ã€Œèª°ã‹ã«ã¤ãã£ã¦ã‚‚ã‚‰ã†ã”ã¯ã‚“ã¯ç¾å‘³ã—ã„ã­ã‡ã€ã£ã¦é£Ÿã¹ã¦ãŸã®ã§ã€å®Ÿå®¶ã«æ¥ãŸæ™‚ã¯å­ä¾›ã¨éŠã‚“ã§ã‚‚ã‚‰ã†é–“ã«ã”ã¯ã‚“ä½œã‚‹ã£ã¦ã®ã‚’ã¡ã‚‡ã„ã¡ã‚‡ã„ã‚„ã‚ã†ã¨æ€ã£ãŸã€‚
#ãŠæ¯ã•ã‚“ã‚ã‚ŠãŒã¨ã†"
"1436448003825434624","Puritto_hello","ãˆã„","/Puritto_hello/status/1514714343828766722","ãƒ—ãƒªãƒƒã¨Channelã•ã‚“ã€ãŠå°»ã‚ã„ã®ã¿ãªã•ã‚“ãŠã¯ã‚ˆã†ã”ã–ã„ã¾ã™ãƒ—ãƒªãƒƒã¨Channelã•ã‚“ã„ã„ã­ã—ã¦é ‚ãã‚ã‚ŠãŒã¨ã†ã”ã–ã„ã¾ã™â™¡â™¡æ˜¨æ—¥ã®ã‚¹ã‚¯ãƒ©ãƒƒãƒã®Sasukeã•ã‚“ã®é™å®šåå‰å‘¼ã³ãƒ ãƒ¼ãƒ“ãƒ¼ã®ï¼·ãƒãƒ£ãƒ³ã‚¹è³ãŒå½“ãŸã£ã¦3åã®ã†ã¡ã®1äººã«ãªã‚Œã¦ã‚ã¡ã‚ƒã‚ã¡ã‚ƒå¬‰ã—ã™ãã¾ã™å¹¸ã›ã ãpic.twitter.com/sqCitebddM"
"1269848405188268032","ViktoriaGabor38","VikiÂ®ï¸","/ViktoriaGabor38/status/1514487104654483458","â•² \ â•­ â”“
â•­ â•¯Hello everyone 
   #VikiStern pic.twitter.com/egXfvTEozL"
"1450301711013199877","LuoyangHello","Hello Luoyang","/LuoyangHello/status/1514777602581434372","å…«æŸç‹®å­pic.twitter.com/9cH0ONAGAT"
"2782936939","Metanoia100","Cat Woman ğŸ™ ğŸ‡ºğŸ‡¦ ğŸ‡¬ğŸ‡§","/Metanoia100/status/1514612536632434712","Hello anyone at home? 
#cats #CatsOfTwitter pic.twitter.com/dR9ALUIG1s"
"1167087021887610881","hello_jigoro","ãƒ‰ã‚¯ã‚¿ãƒ¼äº”éƒã•ã‚“@ä¸€å²¡ä¼¶å¥ˆã«å‘ªã‚ã‚ŒãŸãƒ²ã‚¿ã‚¯","/hello_jigoro/status/1514723494105595908","Googleå…ˆç”Ÿã•ã™ãŒã§ã™pic.twitter.com/r8obHVvUfb"
"938932193564409856","hello_v_tokyo","HELLO, VISITSæ±äº¬å¤§å­¦ã€å…¬å¼ã€‘","/hello_v_tokyo/status/1514779932949647360","ã“ã‚“ã«ã¡ã¯ï¼

æœ¬æ—¥ã‚‚OPEN DAYã§ã€ã€10:00ã€œ15:00ã€‘ã®å–¶æ¥­ã¨ãªã‚Šã¾ã™ï¼
OPEN DAYã®æœŸé–“ä¸­ã«ã¯ãƒ‡ã‚¶ã‚¤ãƒ³æ€è€ƒãƒ†ã‚¹ãƒˆã®ç„¡æ–™å—æ¤œã‚‚ã”æ¡ˆå†…ã—ã¦ãŠã‚Šã¾ã™ã®ã§ã€æ˜¯éã”æ¥åº—ãã ã•ã„ï¼

ä»Šæ—¥ã‚‚é›¨ãŒé™ã£ã¦ãŠã‚Šå¯’ã„ä¸€æ—¥ã¨ãªã‚Šãã†ã§ã™ãŒã€ãœã²ã”ã‚†ã£ãã‚Šã—ã¦ã„ã£ã¦ãã ã•ã„pic.twitter.com/8JwagWnf7C"
"177406902","hello_ikoma","ãƒãƒ­ãƒ¼ï¼ãƒ‘ã‚½ã‚³ãƒ³æ•™å®¤ è¿‘é‰„ç”Ÿé§’æ ¡","/hello_ikoma/status/1514758475179769860","ãŠãƒãƒ­ãƒ¼ã”ã–ã„ã¾ã™ã€‚
#å¥ˆè‰¯çœŒ #ç”Ÿé§’å¸‚ 
ã‚ºãƒ¼ãƒ³ã¨ã—ãŸé›²â€¦é›¨ã§ã™ã­
#ä¼æ¥­å…¬å¼ãŒæ¯æœåœ°å…ƒã®å¤©æ°—ã‚’è¨€ã„åˆã†

æ˜¨æ—¥ã¯ã‚¤ãƒ™ãƒ³ãƒˆ
æ™®æ®µã¨ã¯é•ã†å ´æ‰€ã§æ•™å®¤ã‚’ã‚¢ãƒ”ãƒ¼ãƒ«ã—ã¦ãã¾ã—ãŸ

é›£ã—ã„ã§ã¯ãªãã€æ¥½ã—ãã§ãã‚‹ãƒ‘ã‚½ã‚³ãƒ³ã‚’
ãŠæ°—è»½ã«ãŠå•ã„åˆã‚ã›ã‚’
#ã‚¢ãƒ«ãƒãƒ  #ã‚«ãƒ¼ãƒ‰ #ååˆº #ã‚«ãƒ¬ãƒ³ãƒ€ãƒ¼pic.twitter.com/yHp96Vb9PT"
"965141768135106560","HelloAhimsa_25","æ¾æœ¬ããƒ¼ã‚†ãƒ¼@The Rolls","/HelloAhimsa_25/status/1514743555092205569","å€‹äººçš„ãªè©±ã«ãªã‚Šã¾ã™ãŒã€ç¥–çˆ¶ãŒãŠäº¡ããªã‚Šã«ãªã‚Šã¾ã—ãŸã€‚
åƒ•ãŒå¸°çœã—ãŸã¨ãåƒ•ã®é¡”ã‚’è¦‹ãŸç¥–çˆ¶ã®å¬‰ã—æ³£ãã¯ä»Šã‚‚é ­ã«ç„¼ãä»˜ã‘ã¦ã¾ã™ã€‚
ãŠã˜ã„ã¡ã‚ƒã‚“ã«ã¯ç«‹æ´¾ãªå§¿ã«ãªã£ã¦å¸°ã‚ŠãŸã‹ã£ãŸã€ãã‚Œã‚‚å‡ºæ¥ãªã„ãªã‚“ã¦â€¦ã‚†ã£ãã‚Šä¼‘ã‚“ã§ã­ã€‚"
"2785922652","making_hello","ã¾ãã½ã‚“","/making_hello/status/1514742640113201163","æ—¢ã«åŠ å…¥æ¸ˆã¿ã®æ–¹ã¯ã“ã¡ã‚‰ã‹ã‚‰å¿œå‹Ÿã§ãã‚‹ã‚ˆ(^^â™ª

#TOKYOVICE #å±±ä¸‹æ™ºä¹… å±±ï¼° ã‚„ã¾ã´ãƒ¼https://www.wowow.co.jp/plusw/present.php?p_id=7617Â â€¦"
"1051382476109635586","Di_50hello","ã ã„ã¡ã‚ƒã‚“","/Di_50hello/status/1514766199909154816","#æ±äº¬ãƒ‡ã‚£ã‚ºãƒ‹ãƒ¼ãƒ©ãƒ³ãƒ‰39å‘¨å¹´

Happy Anniversary
ã“ã®å ´æ‰€ã‚’ä½œã£ã¦ã„ã‚‹ã™ã¹ã¦ã®äººã«æ„Ÿè¬ã§ã™pic.twitter.com/5tZJ69NW4J"
"1347947466","Berti_and_Ernie","Ernie and Berti","/Berti_and_Ernie/status/1514655299893964807","Hello #mommy! #dogfriends pic.twitter.com/IE56JGzj9N"
"1426914291001696260","86Kuro96hello","ãã‚ã¹","/86Kuro96hello/status/1514691240553779200","#ã’ã¨ã™ãå…­æ®µæ´»ç”¨
#ã”ã˜ã‚‡ã‚‹å…­æ®µæ´»ç”¨

 ãƒ†ãƒ³ãƒ—ãƒ¬ãƒ¼ãƒˆã¨ã‚¿ã‚°ãŠå€Ÿã‚Šã—ã¾ã—ãŸâ€¼ï¸
ã‚ã‚ŠãŒã¨ã†ã”ã–ã„ã¾ã—ãŸâ€¼ï¸pic.twitter.com/m6dJNOSaSE"
"869961234","hello0061","ãŠå°é£ã„ç¨¼ãã—ã‚ˆï¼","/hello0061/status/1514753259562766337","ãŠå°é£ã„ã»ã—ã„ãƒ¼ï¼"
"1359842270212718595","deoors","OrsğŸ’‰","/deoors/status/1514705802875047939","Pedri je ka score no go dey ghost oh!!pic.twitter.com/d29hOCcwro"
"1359842270212718595","deoors","OrsğŸ’‰","/deoors/status/1514749195558735878","For porn, nudes, erotic comics and wallpapers, regular wallpapers, Netflix logins, hookups,sure odds and Snapchat videos. 

Join this channel  now https://t.me/+y03pqc9Mhy02Mjc8Â â€¦"
"700953604878897152","melanineyedoc","Chinonso....","/melanineyedoc/status/1514704895756099587","Who never fuck up, hands in the air..."
"1030786869326438401","Chavamitchy","ChavağŸˆ","/Chavamitchy/status/1514705195451756553",""
"1378819777905430528","AGBOMII","ğŸ‘»","/AGBOMII/status/1514705239995211781","pic.twitter.com/Y5pkOPWx1t"
"1053196923321094144","ayoobamii_","S3NSEIâ„¢ğŸ€„","/ayoobamii_/status/1514705403489267716",""
"1053062103274274817","Jtruth07","Ò¬á’á¥á¢á¢áá¬ ğŸ…°ğŸ…°ğŸ…°","/Jtruth07/status/1514705407536730117","Heaven is not for you"
"1359842270212718595","deoors","OrsğŸ’‰","/deoors/status/1514705476709240832",""
"1337908348482707456","L4AYON","dê‹¬dnan","/L4AYON/status/1514705443746103298","jor jor jor "
"246931950","Olalekslim","Olaoluwakitan ğŸŒŸğŸŒŸ","/Olalekslim/status/1514705505628868616",""
"296509052","HelloKitty_Plug","MF DOM ğŸ€","/HelloKitty_Plug/status/1514743265995767811","i love easter
i only give adults baskets 

fuck them kids bro"
"1372596973967118343","xaosistoria","Erebos | Bookings: Open","/xaosistoria/status/1514706230119436291","Next, Ï‡Î±ÏÏ„Î¿Î¼Î±Î½Ï„ÎµÎ¯Î±. The infamous Ï‡Î±ÏÏ„Î¹Î¬. Everyone's at least heard of, if not gotten a (maybe drunk) reading at some point. There are tarot and oracle readers, of course, (hello) but not everyone has such decks around. But they definitely have playing cards. Again, accessibility. pic.twitter.com/a7LVW6Phmi"
"1475545873274789890","Natalia81314750","Natalia Natalia","/Natalia81314750/status/1514686645177659399","@Mone_fb Hello Multumesc Trebuie sa fiu bucuroasa ptr aceste minunate aprecieri si va multumesc mult Va iubesc O searabuna"
"1475545873274789890","Natalia81314750","Natalia Natalia","/Natalia81314750/status/1514713714808832009","@matthew35746729 Hello Matthew Frumos gest sunt recunoscatoare si i ti multumesc Va iubesc si va doresc un sfarsit de saptamana frumos O seara placuta"
"1065162839134896129","sweettenrr","Andreâ€™ağŸ‘","/sweettenrr/status/1514743289077182464","@Essence hello on the next cover i believe the next family should be Victoria MonÃ©t & Mr. Gaines would be the next best option!"
"1475545873274789890","Natalia81314750","Natalia Natalia","/Natalia81314750/status/1514714917051502608","@teamdinamicas Hello Camila I ti multumesc si te apreciez mult Sunt fericita si recunoscatoare ptr frumoasa mentionare Te iubesc si te admir mult Multe bucurii i ti doresc O seara mimunata"
"1475545873274789890","Natalia81314750","Natalia Natalia","/Natalia81314750/status/1514693778589851660","@TheEndOfJAPAN1 Hello I mi place mult mentionarea si va apreciez mult Frumos si de apreciat caracterul dv special Va iubesc O seara buna"
"1475545873274789890","Natalia81314750","Natalia Natalia","/Natalia81314750/status/1514690794652901387","@johnnyjpmendes Hello I ti multumesc mult Multe bucurii si realizari O seara buna"
"796408306352979969","pleurebien","PGM MLG","/pleurebien/status/1514701327867252737","hello gougnafierejghtijghiuthgiuhgkejhgiuhgijhgjrhgkrjghkrjghirgjhrkgjrhggjghrkjgropokpozkfpozpfo"
"1475545873274789890","Natalia81314750","Natalia Natalia","/Natalia81314750/status/1514715815895093253","@KBATNA2014 Woowooo Hello Perfecta si superba mentionare Sunt fericita si recunoscatoare ptr frumoasa apreciere Va iubesc O seara buna"
"412200772","yencadebaene","yencaaa","/yencadebaene/status/1514743291601985537","Hello you beautiful people, I hope you have an amazing day today and that you're doing well ! Kisses <3"
"1475545873274789890","Natalia81314750","Natalia Natalia","/Natalia81314750/status/1514713202722021387","@Spencerjames211 Hello M a bucur mult si sunt fericita ptr superba mentionare I mi place mult si fotografia e superba Va iubesc Multe realizari si multa pace"
"1371692799180075008","Aylin29403102","hello ğŸ‡ºğŸ‡¦","/Aylin29403102/status/1514728797777670147","Mihran Aroianpic.twitter.com/KzYFDhMU8b"
"1498493802100654081","niko20223","ã«ã“ï¼Š5/3æ±4ã‚15a","/niko20223/status/1514773401000640514","Hello my angel pic.twitter.com/aI4v5Q4bPk"
"1487600779926114306","yinadol","yina","/yinadol/status/1514751982166327300","hello . pic.twitter.com/jtegJhNBtw"
"2782936939","Metanoia100","Cat Woman ğŸ™ ğŸ‡ºğŸ‡¦ ğŸ‡¬ğŸ‡§","/Metanoia100/status/1514612536632434712","Hello anyone at home? 
#cats #CatsOfTwitterpic.twitter.com/dR9ALUIG1s"
"931397778101518336","battleguitar","82","/battleguitar/status/1514749871151988737","hello pic.twitter.com/meZRMD2JEb"
"25159518","HelloItsAviana","â™•","/HelloItsAviana/status/1514777244849238033","Time for a TL cleanse courtesy of one of my local mall pigeons who decided it was bath time! #BirdsSeenIn2022 #BirdTwitterpic.twitter.com/p3nV2O8D2L"
"1432234690669318147","Orangechan01","âœ¨ !OÉ¾Î±É³É Ò½-ÆˆÔ‹Î±É³!âœ¨","/Orangechan01/status/1514443849015328770","hello! I wanted to make this drawing of the two sky as a special of 10,000 followers (â—â€¢á´—â€¢â—) pic.twitter.com/kFG2tC21Xf"
"1449981680589099011","taliasvio","thea maysâ€™ pr manager","/taliasvio/status/1514774635526557696","MY FUCKING GIRLS!! HELLO #Legacies pic.twitter.com/LEPfLKUhBg"
